{
  "$schema": "https://developer.microsoft.com/json-schemas/core-build/serve.schema.json",
  "port": 4321,
  "https": true,
  "serveConfigurations": {
    "default": {
      "pageUrl": "https://docint2019.discovertechnologies.com/SitePages/Home.aspx",
      "customActions": {
        "b7d02f63-0916-4efd-843d-648e7611250d": {
          "location": "ClientSideExtension.ApplicationCustomizer",
          "properties": {
            "testMessage": "Test message"
          }
        }
      }
    },
    "bannerswithdialog": {
      "pageUrl": "https://docint2019.discovertechnologies.com/SitePages/Home.aspx",
      "customActions": {
        "b7d02f63-0916-4efd-843d-648e7611250d": {
          "location": "ClientSideExtension.ApplicationCustomizer",
          "properties": {
            "testMessage": "Test message"
          }
        }
      }
    }
  }
}
